CREATE DATABASE [QLSINHVIEN]
GO
USE [QLSINHVIEN]
GO
/****** Object:  Table [dbo].[Ketqua]    Script Date: 12/3/2020 12:51:02 AM ******/
SET ANSI_NULLS ON
GO
SET QUOTED_IDENTIFIER ON
GO
CREATE TABLE [dbo].[Ketqua](
	[MaSV] [nvarchar](3) NOT NULL,
	[MaMH] [nvarchar](2) NOT NULL,
	[Diem] [real] NULL,
 CONSTRAINT [Prk_MaSV_MAMH] PRIMARY KEY CLUSTERED 
(
	[MaSV] ASC,
	[MaMH] ASC
)WITH (PAD_INDEX = OFF, STATISTICS_NORECOMPUTE = OFF, IGNORE_DUP_KEY = OFF, ALLOW_ROW_LOCKS = ON, ALLOW_PAGE_LOCKS = ON) ON [PRIMARY]
) ON [PRIMARY]
GO
/****** Object:  Table [dbo].[Khoa]    Script Date: 12/3/2020 12:51:02 AM ******/
SET ANSI_NULLS ON
GO
SET QUOTED_IDENTIFIER ON
GO
CREATE TABLE [dbo].[Khoa](
	[MaKH] [nvarchar](2) NOT NULL,
	[TenKH] [nvarchar](50) NOT NULL,
 CONSTRAINT [Prk_KHOA_khoa] PRIMARY KEY CLUSTERED 
(
	[MaKH] ASC
)WITH (PAD_INDEX = OFF, STATISTICS_NORECOMPUTE = OFF, IGNORE_DUP_KEY = OFF, ALLOW_ROW_LOCKS = ON, ALLOW_PAGE_LOCKS = ON) ON [PRIMARY]
) ON [PRIMARY]
GO
/****** Object:  Table [dbo].[MonHoc]    Script Date: 12/3/2020 12:51:02 AM ******/
SET ANSI_NULLS ON
GO
SET QUOTED_IDENTIFIER ON
GO
CREATE TABLE [dbo].[MonHoc](
	[MaMH] [nvarchar](2) NOT NULL,
	[TenMH] [nvarchar](50) NOT NULL,
	[Sotiet] [tinyint] NULL,
 CONSTRAINT [Prk_MONHOC_MaMH] PRIMARY KEY CLUSTERED 
(
	[MaMH] ASC
)WITH (PAD_INDEX = OFF, STATISTICS_NORECOMPUTE = OFF, IGNORE_DUP_KEY = OFF, ALLOW_ROW_LOCKS = ON, ALLOW_PAGE_LOCKS = ON) ON [PRIMARY]
) ON [PRIMARY]
GO
/****** Object:  Table [dbo].[SinhVien]    Script Date: 12/3/2020 12:51:02 AM ******/
SET ANSI_NULLS ON
GO
SET QUOTED_IDENTIFIER ON
GO
CREATE TABLE [dbo].[SinhVien](
	[MaSV] [nvarchar](3) NOT NULL,
	[HoSV] [nvarchar](15) NOT NULL,
	[TenSV] [nvarchar](7) NOT NULL,
	[Phai] [bit] NOT NULL,
	[NgaySinh] [smalldatetime] NOT NULL,
	[NoiSinh] [nvarchar](100) NOT NULL,
	[MaKH] [nvarchar](2) NOT NULL,
	[HocBong] [float] NULL,
	[DiemTrungBinh] [float] NULL,
 CONSTRAINT [Prk_SINHVIEN_MaSV] PRIMARY KEY CLUSTERED 
(
	[MaSV] ASC
)WITH (PAD_INDEX = OFF, STATISTICS_NORECOMPUTE = OFF, IGNORE_DUP_KEY = OFF, ALLOW_ROW_LOCKS = ON, ALLOW_PAGE_LOCKS = ON) ON [PRIMARY]
) ON [PRIMARY]
GO

INSERT [dbo].[Ketqua] ([MaSV], [MaMH], [Diem]) VALUES (N'A01', N'01', 3)
INSERT [dbo].[Ketqua] ([MaSV], [MaMH], [Diem]) VALUES (N'A01', N'02', 6)
INSERT [dbo].[Ketqua] ([MaSV], [MaMH], [Diem]) VALUES (N'A01', N'03', 5)
INSERT [dbo].[Ketqua] ([MaSV], [MaMH], [Diem]) VALUES (N'A01', N'04', 8)
INSERT [dbo].[Ketqua] ([MaSV], [MaMH], [Diem]) VALUES (N'A01', N'05', 3.9)
INSERT [dbo].[Ketqua] ([MaSV], [MaMH], [Diem]) VALUES (N'A02', N'01', 4.5)
INSERT [dbo].[Ketqua] ([MaSV], [MaMH], [Diem]) VALUES (N'A02', N'03', 7)
INSERT [dbo].[Ketqua] ([MaSV], [MaMH], [Diem]) VALUES (N'A02', N'05', 8)
INSERT [dbo].[Ketqua] ([MaSV], [MaMH], [Diem]) VALUES (N'A02', N'06', 8)
INSERT [dbo].[Ketqua] ([MaSV], [MaMH], [Diem]) VALUES (N'A02', N'08', 6)
INSERT [dbo].[Ketqua] ([MaSV], [MaMH], [Diem]) VALUES (N'A03', N'01', 2)
INSERT [dbo].[Ketqua] ([MaSV], [MaMH], [Diem]) VALUES (N'A03', N'03', 2.5)
INSERT [dbo].[Ketqua] ([MaSV], [MaMH], [Diem]) VALUES (N'A03', N'04', 9)
INSERT [dbo].[Ketqua] ([MaSV], [MaMH], [Diem]) VALUES (N'A04', N'02', 9)
INSERT [dbo].[Ketqua] ([MaSV], [MaMH], [Diem]) VALUES (N'A04', N'03', 10)
INSERT [dbo].[Ketqua] ([MaSV], [MaMH], [Diem]) VALUES (N'A04', N'04', 6)
INSERT [dbo].[Ketqua] ([MaSV], [MaMH], [Diem]) VALUES (N'A04', N'06', 8)
INSERT [dbo].[Ketqua] ([MaSV], [MaMH], [Diem]) VALUES (N'A04', N'08', 9)
INSERT [dbo].[Ketqua] ([MaSV], [MaMH], [Diem]) VALUES (N'B01', N'01', 7)
INSERT [dbo].[Ketqua] ([MaSV], [MaMH], [Diem]) VALUES (N'B01', N'03', 2.5)
INSERT [dbo].[Ketqua] ([MaSV], [MaMH], [Diem]) VALUES (N'B01', N'04', 4)
INSERT [dbo].[Ketqua] ([MaSV], [MaMH], [Diem]) VALUES (N'B02', N'02', 6)
INSERT [dbo].[Ketqua] ([MaSV], [MaMH], [Diem]) VALUES (N'B02', N'03', 7)
INSERT [dbo].[Ketqua] ([MaSV], [MaMH], [Diem]) VALUES (N'B02', N'04', 10)
INSERT [dbo].[Ketqua] ([MaSV], [MaMH], [Diem]) VALUES (N'B02', N'06', 8)
INSERT [dbo].[Ketqua] ([MaSV], [MaMH], [Diem]) VALUES (N'B02', N'08', 7)
INSERT [dbo].[Ketqua] ([MaSV], [MaMH], [Diem]) VALUES (N'B04', N'01', 8)
INSERT [dbo].[Ketqua] ([MaSV], [MaMH], [Diem]) VALUES (N'B04', N'03', 7)
INSERT [dbo].[Ketqua] ([MaSV], [MaMH], [Diem]) VALUES (N'B04', N'04', 9)
INSERT [dbo].[Ketqua] ([MaSV], [MaMH], [Diem]) VALUES (N'C01', N'01', 3)
INSERT [dbo].[Ketqua] ([MaSV], [MaMH], [Diem]) VALUES (N'C01', N'03', 2)
INSERT [dbo].[Ketqua] ([MaSV], [MaMH], [Diem]) VALUES (N'C01', N'04', 7)
INSERT [dbo].[Ketqua] ([MaSV], [MaMH], [Diem]) VALUES (N'C01', N'05', 5)
INSERT [dbo].[Ketqua] ([MaSV], [MaMH], [Diem]) VALUES (N'C01', N'06', 6)
INSERT [dbo].[Khoa] ([MaKH], [TenKH]) VALUES (N'AV', N'Anh Văn')
INSERT [dbo].[Khoa] ([MaKH], [TenKH]) VALUES (N'DT', N'Điện tử')
INSERT [dbo].[Khoa] ([MaKH], [TenKH]) VALUES (N'KT', N'Kế toán')
INSERT [dbo].[Khoa] ([MaKH], [TenKH]) VALUES (N'TH', N'Tin học')
INSERT [dbo].[Khoa] ([MaKH], [TenKH]) VALUES (N'TR', N'Triết')
INSERT [dbo].[MonHoc] ([MaMH], [TenMH], [Sotiet]) VALUES (N'01', N'Cơ sở dữ liệu', 45)
INSERT [dbo].[MonHoc] ([MaMH], [TenMH], [Sotiet]) VALUES (N'02', N'Trí tuệ nhân tạo', 45)
INSERT [dbo].[MonHoc] ([MaMH], [TenMH], [Sotiet]) VALUES (N'03', N'Toán rời rạc ứng dụng', 45)
INSERT [dbo].[MonHoc] ([MaMH], [TenMH], [Sotiet]) VALUES (N'04', N'Đồ họa ứng dụng', 60)
INSERT [dbo].[MonHoc] ([MaMH], [TenMH], [Sotiet]) VALUES (N'05', N'Tiếng Anh cơ bản', 60)
INSERT [dbo].[MonHoc] ([MaMH], [TenMH], [Sotiet]) VALUES (N'06', N'Tin học văn phòng', 60)
INSERT [dbo].[MonHoc] ([MaMH], [TenMH], [Sotiet]) VALUES (N'07', N'Pháp luật đại cương', 30)
INSERT [dbo].[MonHoc] ([MaMH], [TenMH], [Sotiet]) VALUES (N'08', N'Anh chuyên Ngành', 45)
INSERT [dbo].[MonHoc] ([MaMH], [TenMH], [Sotiet]) VALUES (N'09', N'PTTK Hệ thống', 60)
INSERT [dbo].[SinhVien] ([MaSV], [HoSV], [TenSV], [Phai], [NgaySinh], [NoiSinh], [MaKH], [HocBong], [DiemTrungBinh]) VALUES (N'A01', N'Nguyễn Thị', N'Vân', 0, CAST(N'1986-02-23T00:00:00' AS SmallDateTime), N'Hà Giang', N'KT', 130000, 5.1800000190734865)
INSERT [dbo].[SinhVien] ([MaSV], [HoSV], [TenSV], [Phai], [NgaySinh], [NoiSinh], [MaKH], [HocBong], [DiemTrungBinh]) VALUES (N'A02', N'Trần Văn', N'Chính', 0, CAST(N'1994-12-20T00:00:00' AS SmallDateTime), N'Bình Định', N'TH', 150000, NULL)
INSERT [dbo].[SinhVien] ([MaSV], [HoSV], [TenSV], [Phai], [NgaySinh], [NoiSinh], [MaKH], [HocBong], [DiemTrungBinh]) VALUES (N'A03', N'Lê Thu Bạch', N'Yến', 1, CAST(N'1993-02-21T00:00:00' AS SmallDateTime), N'Tp. HCM', N'TH', 0, NULL)
INSERT [dbo].[SinhVien] ([MaSV], [HoSV], [TenSV], [Phai], [NgaySinh], [NoiSinh], [MaKH], [HocBong], [DiemTrungBinh]) VALUES (N'A04', N'Trần Anh', N'Tuấn', 0, CAST(N'1987-12-20T00:00:00' AS SmallDateTime), N'Hà Nội', N'AV', 80000, NULL)
INSERT [dbo].[SinhVien] ([MaSV], [HoSV], [TenSV], [Phai], [NgaySinh], [NoiSinh], [MaKH], [HocBong], [DiemTrungBinh]) VALUES (N'A10', N'Trần Thị', N'Mai', 1, CAST(N'1994-10-04T00:00:00' AS SmallDateTime), N'Hà Nội', N'TH', 0, NULL)
INSERT [dbo].[SinhVien] ([MaSV], [HoSV], [TenSV], [Phai], [NgaySinh], [NoiSinh], [MaKH], [HocBong], [DiemTrungBinh]) VALUES (N'A11', N'Nguyễn Thành', N'Nam', 0, CAST(N'2000-01-01T00:00:00' AS SmallDateTime), N'Cà Mau', N'AV', NULL, NULL)
INSERT [dbo].[SinhVien] ([MaSV], [HoSV], [TenSV], [Phai], [NgaySinh], [NoiSinh], [MaKH], [HocBong], [DiemTrungBinh]) VALUES (N'A12', N'Nguyễn Quang', N'Quyền', 0, CAST(N'2001-01-01T00:00:00' AS SmallDateTime), N'Đồng Nai', N'DT', NULL, NULL)
INSERT [dbo].[SinhVien] ([MaSV], [HoSV], [TenSV], [Phai], [NgaySinh], [NoiSinh], [MaKH], [HocBong], [DiemTrungBinh]) VALUES (N'B01', N'Hoàng Thanh', N'Mai', 1, CAST(N'1992-08-12T00:00:00' AS SmallDateTime), N'Hải Phòng', N'TR', 0, NULL)
INSERT [dbo].[SinhVien] ([MaSV], [HoSV], [TenSV], [Phai], [NgaySinh], [NoiSinh], [MaKH], [HocBong], [DiemTrungBinh]) VALUES (N'B02', N'Trần Thị Thu', N'Thủy', 1, CAST(N'1990-01-02T00:00:00' AS SmallDateTime), N'Tp. HCM', N'AV', 80000, NULL)
INSERT [dbo].[SinhVien] ([MaSV], [HoSV], [TenSV], [Phai], [NgaySinh], [NoiSinh], [MaKH], [HocBong], [DiemTrungBinh]) VALUES (N'B03', N'Đố Văn', N'Lâm', 0, CAST(N'1994-02-26T00:00:00' AS SmallDateTime), N'Bình Định', N'TR', 0, NULL)
INSERT [dbo].[SinhVien] ([MaSV], [HoSV], [TenSV], [Phai], [NgaySinh], [NoiSinh], [MaKH], [HocBong], [DiemTrungBinh]) VALUES (N'B04', N'Bùi Kim', N'Dung', 0, CAST(N'1988-10-18T00:00:00' AS SmallDateTime), N'Hµ Néi', N'TH', 170000, NULL)
INSERT [dbo].[SinhVien] ([MaSV], [HoSV], [TenSV], [Phai], [NgaySinh], [NoiSinh], [MaKH], [HocBong], [DiemTrungBinh]) VALUES (N'C01', N'Hà Quang', N'Anh', 0, CAST(N'1985-03-11T00:00:00' AS SmallDateTime), N'Tp. HCM', N'TR', 0, NULL)
INSERT [dbo].[SinhVien] ([MaSV], [HoSV], [TenSV], [Phai], [NgaySinh], [NoiSinh], [MaKH], [HocBong], [DiemTrungBinh]) VALUES (N'C03', N'Lê Quang', N'Lưu', 0, CAST(N'1985-02-23T00:00:00' AS SmallDateTime), N'Hà Nội', N'TH', 0, NULL)
INSERT [dbo].[SinhVien] ([MaSV], [HoSV], [TenSV], [Phai], [NgaySinh], [NoiSinh], [MaKH], [HocBong], [DiemTrungBinh]) VALUES (N'T03', N'Hoàng Thị Hải', N'Yến', 1, CAST(N'1989-09-10T00:00:00' AS SmallDateTime), N'Hà Nội', N'AV', 170000, NULL)
INSERT [dbo].[SinhVien] ([MaSV], [HoSV], [TenSV], [Phai], [NgaySinh], [NoiSinh], [MaKH], [HocBong], [DiemTrungBinh]) VALUES (N'T06', N'Nguyễn Văn', N'Thắng', 0, CAST(N'1988-10-18T00:00:00' AS SmallDateTime), N'Hà Nội', N'AV', 1500000, NULL)
GO
ALTER TABLE [dbo].[SinhVien] ADD  CONSTRAINT [Def_SINHVIEN_HocBong]  DEFAULT ((0)) FOR [HocBong]
GO
ALTER TABLE [dbo].[Ketqua]  WITH CHECK ADD  CONSTRAINT [Frk_KetQua_Makh] FOREIGN KEY([MaSV])
REFERENCES [dbo].[SinhVien] ([MaSV])
GO
ALTER TABLE [dbo].[Ketqua] CHECK CONSTRAINT [Frk_KetQua_Makh]
GO
ALTER TABLE [dbo].[Ketqua]  WITH CHECK ADD  CONSTRAINT [Frk_KetQua_Mamh] FOREIGN KEY([MaMH])
REFERENCES [dbo].[MonHoc] ([MaMH])
GO
ALTER TABLE [dbo].[Ketqua] CHECK CONSTRAINT [Frk_KetQua_Mamh]
GO
ALTER TABLE [dbo].[SinhVien]  WITH CHECK ADD  CONSTRAINT [Frk_SINHVIEN_Makh] FOREIGN KEY([MaKH])
REFERENCES [dbo].[Khoa] ([MaKH])
GO
ALTER TABLE [dbo].[SinhVien] CHECK CONSTRAINT [Frk_SINHVIEN_Makh]
GO

Select MaMH as [Ma Mon Hoc], TenMH as [Ten Mon Hoc], SoTiet as [So Tiet]
FROM MonHoc
GO


Select MaSV as 'Ma Sinh Vien', HoSV as [Ho Sinh Vien], TenSV as [Ten Sinh Vien], HocBong as [Hoc Bong]
FROM SinhVien
Order by MaSV ASC
GO


Select MaSV,TenSV,Phai,NgaySinh
FROM SinhVien
Order by TenSV ASC


Select HoSV + ' ' + TenSV as [Ho Ten Sinh Vien], NgaySinh as [Ngay Sinh], HocBong as [Hoc Bong]
FROM SinhVien
Order by NgaySinh ASC, 3 DESC


Select MaMH,  TenMH, SoTiet
FROM MonHoc
Where TenMH Like N'T%'
GO


Select [HoSV],[TenSV],[Phai],[NgaySinh]
FROM SinhVien 
Where TenSV Like N'%i'
GO


Select MaKH, TenKH
FROM Khoa
Where TenKH Like N'_N%'
GO


Select MaSV, HoSV, TenSV, Phai, HocBong
FROM SinhVien 
Where TenSV Like N'[a-m]%'
GO


Select MaSV, HoSV + ' '+ TenSV as [Ten Sinh Vien], NgaySinh, NoiSinh, HocBong
FROM SinhVien 
Where TenSV Like N'%[a-m]%'
Order by 2 ASC
GO

Select MaSV, HoSV + ' '+ TenSV as [Ten Sinh Vien], NgaySinh, MaKH
FROM SinhVien 
WHERE MaKH = 'AV'
GO

Select MaSV, HoSV + ' '+ TenSV as [Ten Sinh Vien], CONVERT(char(10), NgaySinh, 103) as NgaySinh, MaKH
FROM SinhVien 
WHERE MaKH = 'TH'
ORDER BY NgaySinh DESC
GO

SELECT MaSV, HoSV, TenSV, MaKH, HocBong
FROM SinhVien
WHERE HocBong > 500000
ORDER BY MaKH DESC
GO

/*
14. Liệt kê danh sách sinh viên sinh vào ngày 20/12/1987, gồm các thông tin: Họ
tên sinh viên, Mã khoa, Học bổng.
*/
Select HoSV+ ' ' + TenSV as [Họ tên sinh viên], MaKH, HocBong
        , Convert(Char(10),NgaySinh,103) as [Ngày sinh]
From SinhVien
Where Convert(Char(10),NgaySinh,103) = '20/12/1987'
GO
Select HoSV+ ' ' + TenSV as [Họ tên sinh viên], MaKH, HocBong
        , Convert(Char(10),NgaySinh,103) as [Ngày sinh]
From SinhVien
Where Day(ngaysinh) = 20 and Month(Ngaysinh)=12 and Year(NgaySinh)=1987
GO

/*
15. Cho biết các sinh viên sinh sau ngày 20/12/1977, gồm các thông tin: Họ tên sinh
viên, Ngày sinh, Nơi sinh, Học bổng. Danh sách sẽ được sắp xếp theo thứ tự
ngày sinh giảm dần.
*/
Select HoSV+ ' ' + TenSV as [Họ tên sinh viên], MaKH, HocBong
        , Convert(Char(10),NgaySinh,103) as [Ngày sinh]
From SinhVien
Where Convert(Char(10),NgaySinh,103) > '20/12/1987'
Order by NgaySinh DESC
GO

/*
16. Liệt kê các sinh viên có học bổng lớn hơn 100,000 và sinh ở Tp HCM, gồm các
thông tin: Họ tên sinh viên, Mã khoa, Nơi sinh, Học bổng.
*/
Select *
From SinhVien
Where HocBong > 100000 and NoiSinh Like N'%Tp. HCM%'
GO
/*
17. Danh sách các sinh viên của khoa Anh văn và khoa Triết, gồm các thông tin: Mã
sinh viên, Mã khoa, Phái.
*/
Select *
From SinhVien
Where  MaKH = 'AV' Or MaKH = 'TR'
GO
Select *
From SinhVien
Where  MaKH IN ('AV','TR')
GO

SELECT MaSV, Convert(Char(10),NgaySinh,105) as [Ngày sinh], NoiSinh, HocBong
FROM SinhVien 
WHERE 
NgaySinh <= '05/06/1992'
and 
NgaySinh >= '01/01/1986' 
GO

SELECT MaSV, Convert(Char(10),NgaySinh,105) as [Ngày sinh], Phai, HocBong
FROM SinhVien 
WHERE HocBong between 200000 and 800000
GO